day,date,link
1,04/11/23,https://leetcode.com/problems/contains-duplicate/
2,04/12/23,https://leetcode.com/problems/valid-anagram/
3,4/13/23,https://leetcode.com/problems/two-sum/
4,4/14/23,https://leetcode.com/problems/valid-palindrome/
5,4/15/23,https://leetcode.com/problems/best-time-to-buy-and-sell-stock/
6,4/16/23,https://leetcode.com/problems/valid-parentheses/
7,4/17/23,https://leetcode.com/problems/binary-search/
8,4/18/23,https://leetcode.com/problems/reverse-linked-list/
9,4/19/23,https://leetcode.com/problems/merge-two-sorted-lists/
10,4/20/23,https://leetcode.com/problems/linked-list-cycle/
11,4/21/23,https://leetcode.com/problems/invert-binary-tree/
12,4/22/23,https://leetcode.com/problems/maximum-depth-of-binary-tree/
13,4/23/23,https://leetcode.com/problems/diameter-of-binary-tree/
14,4/24/23,https://leetcode.com/problems/balanced-binary-tree/
15,4/25/23,https://leetcode.com/problems/same-tree/
16,4/26/23,https://leetcode.com/problems/subtree-of-another-tree/
17,4/27/23,https://leetcode.com/problems/kth-largest-element-in-a-stream/
18,4/28/23,https://leetcode.com/problems/last-stone-weight/
19,4/29/23,https://leetcode.com/problems/climbing-stairs/
20,4/30/23,https://leetcode.com/problems/min-cost-climbing-stairs/
21,05/01/23,https://leetcode.com/problems/meeting-rooms/
22,05/02/23,https://leetcode.com/problems/happy-number/
23,05/03/23,https://leetcode.com/problems/plus-one/
24,05/04/23,https://leetcode.com/problems/single-number/
25,05/05/23,https://leetcode.com/problems/number-of-1-bits/
26,05/06/23,https://leetcode.com/problems/counting-bits/
27,05/07/23,https://leetcode.com/problems/reverse-bits/
28,05/08/23,https://leetcode.com/problems/missing-number/
29,05/09/23,https://leetcode.com/problems/group-anagrams/
30,05/10/23,https://leetcode.com/problems/top-k-frequent-elements/
31,05/11/23,https://leetcode.com/problems/product-of-array-except-self/
32,05/12/23,https://leetcode.com/problems/valid-sudoku/
33,5/13/23,https://leetcode.com/problems/encode-and-decode-strings/
34,5/14/23,https://leetcode.com/problems/longest-consecutive-sequence/
35,5/15/23,https://leetcode.com/problems/two-sum-ii-input-array-is-sorted/
36,5/16/23,https://leetcode.com/problems/3sum/
37,5/17/23,https://leetcode.com/problems/container-with-most-water/
38,5/18/23,https://leetcode.com/problems/longest-substring-without-repeating-characters/
39,5/19/23,https://leetcode.com/problems/longest-repeating-character-replacement/
40,5/20/23,https://leetcode.com/problems/permutation-in-string/
41,5/21/23,https://leetcode.com/problems/min-stack/
42,5/22/23,https://leetcode.com/problems/evaluate-reverse-polish-notation/
43,5/23/23,https://leetcode.com/problems/generate-parentheses/
44,5/24/23,https://leetcode.com/problems/daily-temperatures/
45,5/25/23,https://leetcode.com/problems/car-fleet/
46,5/26/23,https://leetcode.com/problems/search-a-2d-matrix/
47,5/27/23,https://leetcode.com/problems/koko-eating-bananas/
48,5/28/23,https://leetcode.com/problems/find-minimum-in-rotated-sorted-array/
49,5/29/23,https://leetcode.com/problems/search-in-rotated-sorted-array/
50,5/30/23,https://leetcode.com/problems/time-based-key-value-store/
51,5/31/23,https://leetcode.com/problems/reorder-list/
52,06/01/23,https://leetcode.com/problems/remove-nth-node-from-end-of-list/
53,06/02/23,https://leetcode.com/problems/copy-list-with-random-pointer/
54,06/03/23,https://leetcode.com/problems/add-two-numbers/
55,06/04/23,https://leetcode.com/problems/find-the-duplicate-number/
56,06/05/23,https://leetcode.com/problems/lru-cache/
57,06/06/23,https://leetcode.com/problems/lowest-common-ancestor-of-a-binary-search-tree/
58,06/07/23,https://leetcode.com/problems/binary-tree-level-order-traversal/
59,06/08/23,https://leetcode.com/problems/binary-tree-right-side-view/
60,06/09/23,https://leetcode.com/problems/count-good-nodes-in-binary-tree/
61,06/10/23,https://leetcode.com/problems/validate-binary-search-tree/
62,06/11/23,https://leetcode.com/problems/kth-smallest-element-in-a-bst/
63,06/12/23,https://leetcode.com/problems/construct-binary-tree-from-preorder-and-inorder-traversal/
64,6/13/23,https://leetcode.com/problems/implement-trie-prefix-tree/
65,6/14/23,https://leetcode.com/problems/design-add-and-search-words-data-structure/
66,6/15/23,https://leetcode.com/problems/k-closest-points-to-origin/
67,6/16/23,https://leetcode.com/problems/kth-largest-element-in-an-array/
68,6/17/23,https://leetcode.com/problems/task-scheduler/
69,6/18/23,https://leetcode.com/problems/design-twitter/
70,6/19/23,https://leetcode.com/problems/subsets/
71,6/20/23,https://leetcode.com/problems/combination-sum/
72,6/21/23,https://leetcode.com/problems/permutations/
73,6/22/23,https://leetcode.com/problems/subsets-ii/
74,6/23/23,https://leetcode.com/problems/combination-sum-ii/
75,6/24/23,https://leetcode.com/problems/word-search/
76,6/25/23,https://leetcode.com/problems/palindrome-partitioning/
77,6/26/23,https://leetcode.com/problems/letter-combinations-of-a-phone-number/
78,6/27/23,https://leetcode.com/problems/number-of-islands/
79,6/28/23,https://leetcode.com/problems/clone-graph/
80,6/29/23,https://leetcode.com/problems/max-area-of-island/
81,6/30/23,https://leetcode.com/problems/pacific-atlantic-water-flow/
82,07/01/23,https://leetcode.com/problems/surrounded-regions/
83,07/02/23,https://leetcode.com/problems/rotting-oranges/
84,07/03/23,https://leetcode.com/problems/walls-and-gates/
85,07/04/23,https://leetcode.com/problems/course-schedule/
86,07/05/23,https://leetcode.com/problems/course-schedule-ii/
87,07/06/23,https://leetcode.com/problems/redundant-connection/
88,07/07/23,https://leetcode.com/problems/number-of-connected-components-in-an-undirected-graph/
89,07/08/23,https://leetcode.com/problems/graph-valid-tree/
90,07/09/23,https://leetcode.com/problems/min-cost-to-connect-all-points/
91,07/10/23,https://leetcode.com/problems/network-delay-time/
92,07/11/23,https://leetcode.com/problems/cheapest-flights-within-k-stops/
93,07/12/23,https://leetcode.com/problems/house-robber/
94,7/13/23,https://leetcode.com/problems/house-robber-ii/
95,7/14/23,https://leetcode.com/problems/longest-palindromic-substring/
96,7/15/23,https://leetcode.com/problems/palindromic-substrings/
97,7/16/23,https://leetcode.com/problems/decode-ways/
98,7/17/23,https://leetcode.com/problems/coin-change/
99,7/18/23,https://leetcode.com/problems/maximum-product-subarray/
100,7/19/23,https://leetcode.com/problems/word-break/
101,7/20/23,https://leetcode.com/problems/longest-increasing-subsequence/
102,7/21/23,https://leetcode.com/problems/partition-equal-subset-sum/
103,7/22/23,https://leetcode.com/problems/unique-paths/
104,7/23/23,https://leetcode.com/problems/longest-common-subsequence/
105,7/24/23,https://leetcode.com/problems/best-time-to-buy-and-sell-stock-with-cooldown/
106,7/25/23,https://leetcode.com/problems/coin-change-2/
107,7/26/23,https://leetcode.com/problems/target-sum/
108,7/27/23,https://leetcode.com/problems/interleaving-string/
109,7/28/23,https://leetcode.com/problems/maximum-subarray/
110,7/29/23,https://leetcode.com/problems/jump-game/
111,7/30/23,https://leetcode.com/problems/jump-game-ii/
112,7/31/23,https://leetcode.com/problems/gas-station/
113,08/01/23,https://leetcode.com/problems/hand-of-straights/
114,08/02/23,https://leetcode.com/problems/merge-triplets-to-form-target-triplet/
115,08/03/23,https://leetcode.com/problems/partition-labels/
116,08/04/23,https://leetcode.com/problems/valid-parenthesis-string/
117,08/05/23,https://leetcode.com/problems/insert-interval/
118,08/06/23,https://leetcode.com/problems/merge-intervals/
119,08/07/23,https://leetcode.com/problems/non-overlapping-intervals/
120,08/08/23,https://leetcode.com/problems/meeting-rooms-ii/
121,08/09/23,https://leetcode.com/problems/rotate-image/
122,08/10/23,https://leetcode.com/problems/spiral-matrix/
123,08/11/23,https://leetcode.com/problems/set-matrix-zeroes/
124,08/12/23,https://leetcode.com/problems/powx-n/
125,8/13/23,https://leetcode.com/problems/multiply-strings/
126,8/14/23,https://leetcode.com/problems/detect-squares/
127,8/15/23,https://leetcode.com/problems/sum-of-two-integers/
128,8/16/23,https://leetcode.com/problems/reverse-integer/
129,8/17/23,https://leetcode.com/problems/trapping-rain-water/
130,8/18/23,https://leetcode.com/problems/minimum-window-substring/
131,8/19/23,https://leetcode.com/problems/sliding-window-maximum/
132,8/20/23,https://leetcode.com/problems/largest-rectangle-in-histogram/
133,8/21/23,https://leetcode.com/problems/median-of-two-sorted-arrays/
134,8/22/23,https://leetcode.com/problems/merge-k-sorted-lists/
135,8/23/23,https://leetcode.com/problems/reverse-nodes-in-k-group/
136,8/24/23,https://leetcode.com/problems/binary-tree-maximum-path-sum/
137,8/25/23,https://leetcode.com/problems/serialize-and-deserialize-binary-tree/
138,8/26/23,https://leetcode.com/problems/word-search-ii/
139,8/27/23,https://leetcode.com/problems/find-median-from-data-stream/
140,8/28/23,https://leetcode.com/problems/n-queens/
141,8/29/23,https://leetcode.com/problems/word-ladder/
142,8/30/23,https://leetcode.com/problems/reconstruct-itinerary/
143,8/31/23,https://leetcode.com/problems/swim-in-rising-water/
144,09/01/23,https://leetcode.com/problems/alien-dictionary/
145,09/02/23,https://leetcode.com/problems/longest-increasing-path-in-a-matrix/
146,09/03/23,https://leetcode.com/problems/distinct-subsequences/
147,09/04/23,https://leetcode.com/problems/edit-distance/
148,09/05/23,https://leetcode.com/problems/burst-balloons/
149,09/06/23,https://leetcode.com/problems/regular-expression-matching/
150,09/07/23,https://leetcode.com/problems/minimum-interval-to-include-each-query/