date,link
10/5/23,https://leetcode.com/problems/group-anagrams/
10/6/23,https://leetcode.com/problems/two-sum-ii-input-array-is-sorted/
10/7/23,https://leetcode.com/problems/trapping-rain-water/
10/8/23,https://leetcode.com/problems/best-time-to-buy-and-sell-stock/
10/10/23,https://leetcode.com/problems/container-with-most-water/
10/9/23,https://leetcode.com/problems/largest-rectangle-in-histogram/
10/10/23,https://leetcode.com/problems/valid-anagram/
10/11/23,https://leetcode.com/problems/valid-parentheses/
10/12/23,https://leetcode.com/problems/longest-substring-without-repeating-characters/
10/13/23,https://leetcode.com/problems/top-k-frequent-elements/
10/14/23,https://leetcode.com/problems/minimum-window-substring/
10/15/23,https://leetcode.com/problems/two-sum/
10/16/23,https://leetcode.com/problems/product-of-array-except-self/
10/17/23,https://leetcode.com/problems/sliding-window-maximum/
10/18/23,https://leetcode.com/problems/valid-palindrome/
10/19/23,https://leetcode.com/problems/valid-sudoku/
10/20/23,https://leetcode.com/problems/encode-and-decode-strings/
10/21/23,https://leetcode.com/problems/median-of-two-sorted-arrays/
10/22/23,https://leetcode.com/problems/longest-consecutive-sequence/
10/23/23,https://leetcode.com/problems/merge-k-sorted-lists/
10/24/23,https://leetcode.com/problems/binary-search/
10/25/23,https://leetcode.com/problems/reverse-linked-list/
10/26/23,https://leetcode.com/problems/3sum/
10/27/23,https://leetcode.com/problems/reverse-nodes-in-k-group/
10/28/23,https://leetcode.com/problems/merge-two-sorted-lists/
10/29/23,https://leetcode.com/problems/binary-tree-maximum-path-sum/
10/30/23,https://leetcode.com/problems/linked-list-cycle/
10/31/23,https://leetcode.com/problems/serialize-and-deserialize-binary-tree/
11/1/23,https://leetcode.com/problems/invert-binary-tree/
11/2/23,https://leetcode.com/problems/longest-repeating-character-replacement/
11/3/23,https://leetcode.com/problems/word-search-ii/
11/4/23,https://leetcode.com/problems/maximum-depth-of-binary-tree/
11/5/23,https://leetcode.com/problems/permutation-in-string/
11/6/23,https://leetcode.com/problems/find-median-from-data-stream/
11/7/23,https://leetcode.com/problems/diameter-of-binary-tree/
11/8/23,https://leetcode.com/problems/min-stack/
11/9/23,https://leetcode.com/problems/n-queens/
11/10/23,https://leetcode.com/problems/balanced-binary-tree/
11/11/23,https://leetcode.com/problems/evaluate-reverse-polish-notation/
11/12/23,https://leetcode.com/problems/word-ladder/
11/13/23,https://leetcode.com/problems/same-tree/
11/14/23,https://leetcode.com/problems/generate-parentheses/
11/15/23,https://leetcode.com/problems/reconstruct-itinerary/
11/16/23,https://leetcode.com/problems/subtree-of-another-tree/
11/17/23,https://leetcode.com/problems/daily-temperatures/
11/18/23,https://leetcode.com/problems/swim-in-rising-water/
11/19/23,https://leetcode.com/problems/kth-largest-element-in-a-stream/
11/20/23,https://leetcode.com/problems/car-fleet/
11/21/23,https://leetcode.com/problems/alien-dictionary/
11/22/23,https://leetcode.com/problems/last-stone-weight/
11/23/23,https://leetcode.com/problems/search-a-2d-matrix/
11/24/23,https://leetcode.com/problems/longest-increasing-path-in-a-matrix/
11/25/23,https://leetcode.com/problems/climbing-stairs/
11/26/23,https://leetcode.com/problems/koko-eating-bananas/
11/27/23,https://leetcode.com/problems/distinct-subsequences/
11/28/23,https://leetcode.com/problems/min-cost-climbing-stairs/
11/29/23,https://leetcode.com/problems/find-minimum-in-rotated-sorted-array/
11/30/23,https://leetcode.com/problems/edit-distance/
12/1/23,https://leetcode.com/problems/meeting-rooms/
12/2/23,https://leetcode.com/problems/search-in-rotated-sorted-array/
12/3/23,https://leetcode.com/problems/burst-balloons/
12/4/23,https://leetcode.com/problems/happy-number/
12/5/23,https://leetcode.com/problems/time-based-key-value-store/
12/6/23,https://leetcode.com/problems/regular-expression-matching/
12/7/23,https://leetcode.com/problems/plus-one/
12/8/23,https://leetcode.com/problems/reorder-list/
12/9/23,https://leetcode.com/problems/minimum-interval-to-include-each-query/
12/10/23,https://leetcode.com/problems/single-number/
12/11/23,https://leetcode.com/problems/remove-nth-node-from-end-of-list/
12/12/23,https://leetcode.com/problems/number-of-1-bits/
12/13/23,https://leetcode.com/problems/copy-list-with-random-pointer/
12/14/23,https://leetcode.com/problems/counting-bits/
12/15/23,https://leetcode.com/problems/add-two-numbers/
12/16/23,https://leetcode.com/problems/reverse-bits/
-----
11/28/23,https://leetcode.com/problems/find-the-duplicate-number/
11/1/23,https://leetcode.com/problems/missing-number/
11/29/23,https://leetcode.com/problems/lru-cache/
11/30/23,https://leetcode.com/problems/lowest-common-ancestor-of-a-binary-search-tree/
12/1/23,https://leetcode.com/problems/binary-tree-level-order-traversal/
12/2/23,https://leetcode.com/problems/binary-tree-right-side-view/
12/3/23,https://leetcode.com/problems/count-good-nodes-in-binary-tree/
12/4/23,https://leetcode.com/problems/validate-binary-search-tree/
12/5/23,https://leetcode.com/problems/kth-smallest-element-in-a-bst/
12/6/23,https://leetcode.com/problems/construct-binary-tree-from-preorder-and-inorder-traversal/
12/7/23,https://leetcode.com/problems/implement-trie-prefix-tree/
12/8/23,https://leetcode.com/problems/design-add-and-search-words-data-structure/
12/9/23,https://leetcode.com/problems/k-closest-points-to-origin/
12/10/23,https://leetcode.com/problems/kth-largest-element-in-an-array/
12/11/23,https://leetcode.com/problems/task-scheduler/
12/12/23,https://leetcode.com/problems/design-twitter/
12/13/23,https://leetcode.com/problems/subsets/
12/14/23,https://leetcode.com/problems/combination-sum/
12/15/23,https://leetcode.com/problems/permutations/
8/4/23,https://leetcode.com/problems/subsets-ii/
8/6/23,https://leetcode.com/problems/combination-sum-ii/
8/8/23,https://leetcode.com/problems/word-search/
8/10/23,https://leetcode.com/problems/palindrome-partitioning/
8/12/23,https://leetcode.com/problems/letter-combinations-of-a-phone-number/
8/14/23,https://leetcode.com/problems/number-of-islands/
8/16/23,https://leetcode.com/problems/clone-graph/
8/18/23,https://leetcode.com/problems/max-area-of-island/
8/20/23,https://leetcode.com/problems/pacific-atlantic-water-flow/
8/22/23,https://leetcode.com/problems/surrounded-regions/
8/24/23,https://leetcode.com/problems/rotting-oranges/
8/26/23,https://leetcode.com/problems/walls-and-gates/
8/28/23,https://leetcode.com/problems/course-schedule/
8/30/23,https://leetcode.com/problems/course-schedule-ii/
9/1/23,https://leetcode.com/problems/redundant-connection/
9/3/23,https://leetcode.com/problems/number-of-connected-components-in-an-undirected-graph/
9/5/23,https://leetcode.com/problems/graph-valid-tree/
9/7/23,https://leetcode.com/problems/min-cost-to-connect-all-points/
9/9/23,https://leetcode.com/problems/network-delay-time/
9/11/23,https://leetcode.com/problems/cheapest-flights-within-k-stops/
9/13/23,https://leetcode.com/problems/house-robber/
9/15/23,https://leetcode.com/problems/house-robber-ii/
9/17/23,https://leetcode.com/problems/longest-palindromic-substring/
9/19/23,https://leetcode.com/problems/palindromic-substrings/
9/21/23,https://leetcode.com/problems/decode-ways/
9/23/23,https://leetcode.com/problems/coin-change/
9/25/23,https://leetcode.com/problems/maximum-product-subarray/
9/27/23,https://leetcode.com/problems/word-break/
9/29/23,https://leetcode.com/problems/longest-increasing-subsequence/
10/1/23,https://leetcode.com/problems/partition-equal-subset-sum/
10/3/23,https://leetcode.com/problems/unique-paths/
10/5/23,https://leetcode.com/problems/longest-common-subsequence/
10/7/23,https://leetcode.com/problems/best-time-to-buy-and-sell-stock-with-cooldown/
10/9/23,https://leetcode.com/problems/coin-change-2/
10/11/23,https://leetcode.com/problems/target-sum/
10/13/23,https://leetcode.com/problems/interleaving-string/
10/15/23,https://leetcode.com/problems/maximum-subarray/
10/17/23,https://leetcode.com/problems/jump-game/
10/19/23,https://leetcode.com/problems/jump-game-ii/
10/21/23,https://leetcode.com/problems/gas-station/
10/23/23,https://leetcode.com/problems/hand-of-straights/
10/25/23,https://leetcode.com/problems/merge-triplets-to-form-target-triplet/
10/27/23,https://leetcode.com/problems/partition-labels/
10/29/23,https://leetcode.com/problems/valid-parenthesis-string/
10/31/23,https://leetcode.com/problems/insert-interval/
11/2/23,https://leetcode.com/problems/merge-intervals/
11/3/23,https://leetcode.com/problems/non-overlapping-intervals/
11/5/23,https://leetcode.com/problems/meeting-rooms-ii/
11/7/23,https://leetcode.com/problems/rotate-image/
11/9/23,https://leetcode.com/problems/spiral-matrix/
11/11/23,https://leetcode.com/problems/set-matrix-zeroes/
11/13/23,https://leetcode.com/problems/powx-n/
11/15/23,https://leetcode.com/problems/multiply-strings/
11/17/23,https://leetcode.com/problems/detect-squares/
11/19/23,https://leetcode.com/problems/sum-of-two-integers/
11/21/23,https://leetcode.com/problems/reverse-integer/
